has_promotion,quantity_sold,predicted_quantity,actual_revenue
0,249.86617498854787,249.51703,2673.249759276225
1,470.01770718232046,467.11295,3779.429664917127
