Metric,Value
MAE,46.041806938899825
RMSE,66.38902443081291
R2 Score,0.9111037447701622
