Fold,R2 Score,MAE,RMSE
Fold 1,0.9399904083618028,35.818643958493595,48.579926386230305
Fold 2,0.9676249246715563,26.73347756414293,37.58590681349512
Fold 3,0.9699510177060309,24.883962612362023,36.53728309886479
Average,0.9591887835797966,29.14536137833285,40.90103876619674
