Metric,Value
MAE,22.552836393888427
RMSE,33.35424112914459
R2 Score,0.9751784711851922
