Model,MAE,RMSE,R2 Score
Linear Regression,110.79512867715827,143.71060792532265,0.5831254170780787
Random Forest,72.65171332996258,96.2526294295734,0.8129951076766556
XGBoost,67.88977173505839,90.06812967321963,0.836254244064811
