Metric,Value
MAE,6.351779564846576
RMSE,10.034682620341687
R2 Score,0.9975601353408425
